{"file_hashes":[{"block_hashes":["+l+pJA2Y8FjSObY9HmiLUzSe6mTB0saoNMF5lcP+uNI="],"block_size":4096,"path":"background.html"},{"block_hashes":["vn+8Zeh39t8551GscaBS2kspADA+k8VabPW4gZ1MjnM="],"block_size":4096,"path":"css/rsgextensie.css"},{"block_hashes":["DfFHklulBIlOg8uDKaFBGCWCVnSBIHgzJkctbxKFMQY="],"block_size":4096,"path":"deprecated/background.js"},{"block_hashes":["q1vVnWMn7EPdvg/lhOaRTwAFem185yEVcikzO3XI6l8=","cj8i2aGg/LXyuQ/lYMV+j7TiFJ8o2Ik/O9gysIc1Btw=","tTYsBmK6h5gXUXP9B/Cnd7qcUFdbQiTnj8/knpR8tRE=","QROabeDvJmwg/vLmTLxe3NtH5uHgtXEMY8b2ijvVV+4=","NBGh5HWeez1expilobL3HUAayIst6hFDRo0lvUt8OvQ=","2k9L3em4LAfUpAmtBf0PNS+4CE5oKING6VTe+9KiqLM="],"block_size":4096,"path":"deprecated/extension.js"},{"block_hashes":["Ve/u1WQGS4hBOx79oCbpAwhNruOut9cKpUZNPU563tE="],"block_size":4096,"path":"deprecated/injector.js"},{"block_hashes":["bbMFpTNnwFQopdbIwFufJZFS/SaGObp0SChwW/Emvvg="],"block_size":4096,"path":"icons/icon.png"},{"block_hashes":["3OfecRX9XUfEWZ73r6c72LPyrszitQ9sGoyLcJrstcU="],"block_size":4096,"path":"icons/icon128.png"},{"block_hashes":["cQwHDa2m+cZFkyE1j/8AgTbwi0QDqEd4vAPRG3kkaHI="],"block_size":4096,"path":"icons/icon16.png"},{"block_hashes":["q8t8WAKU0WAYwMvOjTQEOxewgvdW3Od94uh1hHTFp5o="],"block_size":4096,"path":"icons/icon48.png"},{"block_hashes":["wi7QOt1wbve3N+8sc61QOegEV+IdWi3m7NgZLlJGRXg=","JProJv3eJ32VVzGiBBGkbED8mHDids8WlbkUdIoF9yo=","KYybAFRYBTe4lezu1WMoGN6cEhapSI/vyshVqtQ/5AM=","OaRGYIF5gfz8vk3h4qeMoSXY3ozhdaR5Sr2UnRqWdFg=","xdDgGSYlJZ2VLI3YxWNzNb38hrrdWz4gwroUvqL5K/M=","kVt165ap/GzBHyFR8R6Ohej4bplSUhPbhoAdv40bFbo=","eccauTk0yb99WX35haQdsuulCnL+DEk/tpuC3YcujLI=","fTmUUIY481zWRsdAvodE0UGm9r8rKoAGd7MIrMnaCfU=","DVkhAHoLSczLV9cpXizdmK3hsWTipP2YYPAohO7HLtw=","nZSJrKpNuExw6ua/ziCoMRycnDKtqwIbMEvh1Gu+xso=","M8NkJe2C0fK5B4WbA2VsXNv780JF1XBZ5O8s8/txwhY=","cmS4HA671L7rCnkn6+DRDETveHyIpsNCZwuQ02JTbok=","XNPE+JMQN1h6jq7LwR4ywbqmk3bUZi1GU+QjAylQ/XU=","m2mfBIbNME6TBpSHm02LTDY6TwVc3os3Dp4VOA3YGDI=","l5wKue0uGwGWLj0S6pjJvcFHwaKLzSJP1ZHhNJqYAk0=","uhVJko/aF94o9z0ute6KQh4cU/W+9RyRSrwCjNmZGSI=","0VcRirrwkmCAXiS9W8HRNgjq3v/1ra+9AaMjEUns/Lo=","T/6NG14B4xCK7MTPFT5zUr4hFFow7HjG034eEc3JfSY=","AMaUWw6Ir4gdzkliBhq/Ojm2jJvduZJhXe8boBusDYI=","xuXmarbMcltLalIGb3cc0pIC8DWrP/FKtpl9wDQ0duc=","k4Zaj35Dhv/WLcasmH+b61B6Gu4V/HyG1Vepn+e2+7k=","erkgVsLVfvLk9KWX4Do90F+jGt7sT/19/yqqHXWPR3g="],"block_size":4096,"path":"js/jquery-3.1.1.min.js"},{"block_hashes":["kO6/RcDvBA8ISEucXcfurrmkAH6oeEgStWbnf4a7oFk=","5JGpEw/fDN+A1sYgz/ZJhseRTq08aRdA7hFvbv8aR+g=","XkYEb+/0Ofg3Gb/TmkyZFc+qAMfQwI7a+vetLnsoWeA=","dMjtD3GuZOzu7nBBnF58kheFFwku28hM8RplSh26S5o=","J72OR995lb6kQCFdf7Dbgv3upy1BR0QZ8UZAt7d0NAQ=","GWLuM1y3YYE9xswBCoDUmfbglrY+A2wEJQ7auG6a4vc="],"block_size":4096,"path":"js/notify.js"},{"block_hashes":["UfPyvYQVQJTTbLKtF/r/XR+nnYOG4C97MU/5lqNypfU=","RWTNQfFrhXO8wmEXsC82qe1FtEmp/YVOVoBDqTd3Lgc=","v9h7BIxgpin85YjJ+nEDBVAQ1O6di72nHjV3h/JU6As=","J9VKVG3t4qQsKOxOHZrp+nQ+ix8yKfjiuuJv1npk/oo=","bsS4Y370huvHjU2nYQwN2p4EMeZKZs7JupBqw/4/Bpg=","r46ReXzKzcQVBAwSdXruaQ3ar2Nc8hR+0iN5tVcCAoA=","p6/msczMfOY03Tfvfnrj/sDtgjy/kQhck48rpzCaJW4=","sioz9W731FeLue5Evqyyeu1b/+EaTGOJPgJBH5KipSI=","qxhRSM4MsgSQmw9NbzmQhJY0JBJbAhdxBY+sPYWU8r0=","RdTvkUFVXg1CbpR/q7jTaNH/J8JJQUvaF6zThkx+Sy8=","LzMeNEOnQoVhbYTTDjcNlfKOJCMLh77W2zQk4XSgJ7Q=","8XnE/ekFGj6gK4BJizZNQer1ELMpp1pJIl5P7+J2Vkg=","D4TqoYlNp6/mdAXToZphUsz98+jD0UhT63EbIV9gB1M=","OLzKfxZ0LePbLtivPDVGFF/O6hAm5IyKB4UhY/9k9xY="],"block_size":4096,"path":"js/rsg-sponsorkliks.js"},{"block_hashes":["qrFipW7PhoLqzsk4V/GlpSeJhw/Yyi6o0/OE+elRYgo="],"block_size":4096,"path":"popup.html"},{"block_hashes":["WOIzWev2x5acwCMGKWhbVhqMOsWjz2Wzw/X/z4/byJ4="],"block_size":4096,"path":"popup.js"}],"version":2}